{
	"id": "b4839027-6249-4fa0-9040-bcf865282806",
	"name": "Jira_QA(Env)",
	"values": [
		{
			"key": "URL",
			"value": "https://testjirafeb2023.atlassian.net",
			"type": "default",
			"enabled": true
		},
		{
			"key": "Username",
			"value": "Feb2023restAPI@gmail.com",
			"type": "default",
			"enabled": true
		},
		{
			"key": "Password",
			"value": "ATATT3xFfGF07l3P383cEkq9UxdU7W6WPYnDbilxk0f-c8JT1LB9ubgHUyJz3qa2NtLfldtwYIPCJhXlgAsYSMIaScp5YfEELQyTa0EJ8PoA8I8h8pVBZqCM7v1zTgxQ87vIT6RyqL4v5y1KChu-kuE1hDOdKIeuWi1nyqG4OVf--_ph9sA7b58=0DFB5058",
			"type": "default",
			"enabled": true
		}
	],
	"_postman_variable_scope": "environment",
	"_postman_exported_at": "2024-03-26T15:59:12.834Z",
	"_postman_exported_using": "Postman/10.24.7"
}